{
    "train_losses": [
        6.676181966745401,
        6.281561729274219,
        6.278369340715529,
        6.277063739450672,
        6.278434525562238,
        6.276481439795675,
        6.277142745030077,
        6.277502829515481,
        6.2772989559777175,
        6.276727774475194,
        6.276820842223831,
        6.277556368067295
    ],
    "val_losses": [
        6.278881833523134,
        6.278953015049802,
        6.278775130646138,
        6.278991789757451,
        6.278809426706048,
        6.2793992863425725,
        6.278406263906745,
        6.278848690322683,
        6.278468005264862,
        6.279095595396018,
        6.278718773322769,
        6.278978438317021
    ]
}